model,export_s,gen_settings_s,calibrate_s,compile_s,get_srs_s,setup_s,witness_s,prove_s,verify_s,verified
model1,0.07765507698059082,0.03470015525817871,0.23789191246032715,0.0008699893951416016,1.344391107559204,0.6478271484375,0.012253999710083008,0.7508077621459961,0.011286020278930664,True
